车辆型号,主炮 & 口径,备弹；典型分配,AP (常规全口径) 初速 (m/s)｜500‑1000‑1500‑2000 穿深 mm,APCR‑HVAP (钨芯次口径) 初速 (m/s)｜500‑1000‑1500‑2000 穿深 mm,HE 榴弹初速 (m/s)
M4A3 (76) W 谢尔曼,M1‑76 mm L52,"71；AP32‑38,HE30‑36,HVAP3‑6",792｜131‑116‑102‑89,1036｜190‑156‑127‑103,682
T‑34‑85,ZiS‑S‑53‑85 mm L55,"60；AP26‑34,HE22‑30,APCR3‑5",792｜124‑113‑102‑90,1050｜175‑143‑117‑96,792
黄鼠狼 III (M 型),Pak40/3‑75 mm L46,"38；AP18‑22,HE14‑18,APCR2‑4",790｜120‑102‑85‑70,933｜170‑138‑111‑89,550
虎 I（虎式）,KwK36‑88 mm L56,"92；AP40‑48,HE40‑48,APCR3‑6",810｜154‑138‑123‑110,930｜193‑171‑148‑127,795
虎王（虎 II）,KwK43‑88 mm L71,"86；AP40‑46,HE36‑42,APCR4‑6",1000｜203‑185‑170‑154,1130｜237‑212‑187‑163,810
猎虎,Pak44‑128 mm L55,"40；AP18‑22,HE16‑20；无钨芯",920｜239‑212‑187‑165,‑（无）,750
四号歼击车 Jagdpanzer IV,Pak40‑75 mm L48,"79；AP38‑44,HE30‑36,APCR3‑5",790｜132‑110‑90‑76,933｜170‑138‑111‑89,550
四号 G 后期,KwK40‑75 mm L43,"87；AP40‑48,HE35‑42,APCR3‑5",770｜126‑106‑87‑70,920｜164‑132‑105‑82,548
四号 J 型,KwK40‑75 mm L48,"87；AP42‑50,HE33‑40,APCR3‑5",790｜132‑110‑90‑76,933｜170‑138‑111‑89,550
斐迪南 (费迪南),Pak43/2‑88 mm L71,"50；AP22‑26,HE22‑28,APCR2‑4",1000｜203‑185‑170‑154,1130｜237‑212‑187‑163,810
IS‑1(IS‑85),D‑5T‑85 mm L55,"71；AP30‑36,HE30‑36,APCR3‑5",792｜124‑113‑102‑90,1050｜175‑143‑117‑96,792
IS‑2,D‑25T‑122 mm L43,"28；AP10‑12,HE14‑18；无钨芯",795｜160‑142‑124‑106,‑（无）,800
KV‑1 (1942 版),ZiS‑5‑76.2 mm L41.5,"111；AP45‑55,HE50‑60；无钨芯",662｜75‑61‑50‑40,‑（无）,680
SU‑100,D‑10S‑100 mm L53.5,"33；AP18‑22,HE11‑15；二战无钨芯",895｜164‑149‑130‑114,‑（无）,895
SU‑152,ML‑20S‑152 mm L29,"20；HE14‑18, 混凝土 2‑4,BR540 穿甲 2‑6",655 (BR‑540 穿甲弹),‑（无钨芯）,655
ISU‑152,ML‑20S‑152 mm L29,"21；HE11‑14, 混凝土 3‑5,BR540 穿甲 2‑8",655 (BR‑540 穿甲弹),‑（无钨芯）,655
克伦威尔 A27M QF75,OQF‑75 mm Mk.V,"84；AP36‑42,HE38‑46；无钨芯",610｜90‑75‑63‑52,‑（无）,320
M26 潘兴,M3‑90 mm L52.5,"70；AP32‑38,HE26‑32,HVAP4‑6",854｜176‑159‑142‑126,1036｜221‑192‑164‑139,808
M10 狼獾 M7‑76.2 mm L50,76.2 mm M7,"54；AP24‑28,HE22‑26,HVAP3‑5",792｜127‑112‑99‑86,1036｜184‑151‑123‑99,679
M18 地狱猫,M1A1‑76 mm L52,"45；AP20‑24,HE18‑22,HVAP3‑5",792｜131‑116‑102‑89,1036｜190‑156‑127‑103,682
M36 杰克逊,M3‑90 mm L52.5,"47；AP22‑28,HE16‑20,HVAP3‑6",854｜176‑159‑142‑126,1036｜221‑192‑164‑139,808
（内容由AI生成）